gene,rxn,sequence,SMILES_invivo,SMILES_invitro,kcat_invivo,kcat_invitro
b0945,DHORD2,MYYPFVRKALFQLDPERAHEFTFQQLRRITGTPFEALVRQKVPAKPVNCMGLTFKNPLGLAAGLDKDGECIDALGAMGFGSIEIGTVTPRPQPGNDKPRLFRLVDAEGLINRMGFNNLGVDNLVENVKKAHYDGVLGINIGKNKDTPVEQGKDDYLICMEKIYAYAGYIAINISSPNTPGLRTLQYGEALDDLLTAIKNKQNDLQAMHHKYVPIAVKIAPDLSEEELIQVADSLVRHNIDGVIATNTTLDRSLVQGMKNCDQTGGLSGRPLQLKSTEIIRRLSLELNGRLPIIGVGGIDSVIAAREKIAAGASLVQIYSGFIFKGPPLIKEIVTHI,O=C1C[C@@H](C(=O)[O-])NC(=O)N1,CC1=CC(=O)c2ccccc2C1=O.O=C1CC(C(=O)O)NC(=O)N1,15.445576219165613,19.7
b0945,DHORD2,MYYPFVRKALFQLDPERAHEFTFQQLRRITGTPFEALVRQKVPAKPVNCMGLTFKNPLGLAAGLDKDGECIDALGAMGFGSIEIGTVTPRPQPGNDKPRLFRLVDAEGLINRMGFNNLGVDNLVENVKKAHYDGVLGINIGKNKDTPVEQGKDDYLICMEKIYAYAGYIAINISSPNTPGLRTLQYGEALDDLLTAIKNKQNDLQAMHHKYVPIAVKIAPDLSEEELIQVADSLVRHNIDGVIATNTTLDRSLVQGMKNCDQTGGLSGRPLQLKSTEIIRRLSLELNGRLPIIGVGGIDSVIAAREKIAAGASLVQIYSGFIFKGPPLIKEIVTHI,COC1=C(OC)C(=O)C(C/C=C(\C)CC/C=C(\C)CC/C=C(\C)CC/C=C(\C)CC/C=C(\C)CC/C=C(\C)CC/C=C(\C)CCC=C(C)C)=C(C)C1=O,CC1=CC(=O)c2ccccc2C1=O.O=C1CC(C(=O)O)NC(=O)N1,15.445576219165613,19.7
b1091,OGMEACPS,MYTKIIGTGSYLPEQVRTNADLEKMVDTSDEWIVTRTGIRERHIAAPNETVSTMGFEAATRAIEMAGIEKDQIGLIVVATTSATHAFPSAACQIQSMLGIKGCPAFDVAAACAGFTYALSVADQYVKSGAVKYALVVGSDVLARTCDPTDRGTIIIFGDGAGAAVLAASEEPGIISTHLHADGSYGELLTLPNADRVNPENSIHLTMAGNEVFKVAVTELAHIVDETLAANNLDRSQLDWLVPHQANLRIISATAKKLGMSMDNVVVTLDRHGNTSAASVPCALDEAVRDGRIKPGQLVLLEAFGGGFTWGSALVRF,*SC(=O)CC(=O)OC,,3.0647916570666675e-05,
b1091,OGMEACPS,MYTKIIGTGSYLPEQVRTNADLEKMVDTSDEWIVTRTGIRERHIAAPNETVSTMGFEAATRAIEMAGIEKDQIGLIVVATTSATHAFPSAACQIQSMLGIKGCPAFDVAAACAGFTYALSVADQYVKSGAVKYALVVGSDVLARTCDPTDRGTIIIFGDGAGAAVLAASEEPGIISTHLHADGSYGELLTLPNADRVNPENSIHLTMAGNEVFKVAVTELAHIVDETLAANNLDRSQLDWLVPHQANLRIISATAKKLGMSMDNVVVTLDRHGNTSAASVPCALDEAVRDGRIKPGQLVLLEAFGGGFTWGSALVRF,,,3.0647916570666675e-05,
b3993,TMPPP,MYQPDFPPVPFRSGLYPVVDSVQWIERLLDAGVRTLQLRIKDRRDEEVEADVVAAIALGRRYNARLFINDYWRLAIKHQAYGVHLGQEDLQATDLNAIRAAGLRLGVSTHDDMEIDVALAARPSYIALGHVFPTQTKQMPSAPQGLEQLARHVERLADYPTVAIGGISLARAPAVIATGVGSIAVVSAITQAADWRLATAQLLEIAGVGDE,Cc1ncsc1CCOP(=O)([O-])[O-],,0.0114572363637172,
b3993,TMPPP,MYQPDFPPVPFRSGLYPVVDSVQWIERLLDAGVRTLQLRIKDRRDEEVEADVVAAIALGRRYNARLFINDYWRLAIKHQAYGVHLGQEDLQATDLNAIRAAGLRLGVSTHDDMEIDVALAARPSYIALGHVFPTQTKQMPSAPQGLEQLARHVERLADYPTVAIGGISLARAPAVIATGVGSIAVVSAITQAADWRLATAQLLEIAGVGDE,Cc1nc(N)c(COP(=O)([O-])OP(=O)([O-])[O-])c[nH+]1,,0.0114572363637172,
b2413,SO4t2pp,MVSSFTSAPRSGFYYFAQGWKLVSQPGIRRFVILPLLVNILLMGGAFWWLFTQLDVWIPTLMSYVPDWLQWLSYLLWPLAVISVLLVFGYFFSTIANWIAAPFNGLLAEQLEARLTGATPPDTGIFGIMKDVPRIMKREWQKFAWYLPRAIVLLILYFIPGIGQTVAPVLWFLFSAWMLAIQYCDYPFDNHKVPFKEMRTALRTRKITNMQFGALTSLFTMIPLLNLFIMPVAVCGATAMWVDCYRDKHAMWR,O=S(=O)([O-])[O-],,63.011869318385685,
b0003,4HTHRK,MVKVYAPASSANMSVGFDVLGAAVTPVDGALLGDVVTVEAAETFSLNNLGRFADKLPSEPRENIVYQCWERFCQELGKQIPVAMTLEKNMPIGSGLGSSACSVVAALMAMNEHCGKPLNDTRLLALMGELEGRISGSIHYDNVAPCFLGGMQLMIEENDIISQQVPGFDEWLWVLAYPGIKVSTAEARAILPAQYRRQDCIAHGRHLAGFIHACYSRQPELAAKLMKDVIAEPYRERLLPGFRQARQAVAEIGAVASGISGSGPTLFALCDKPETAQRVADWLGKNYLQNQEGFVHICRLDTAGARVLEN,Nc1ncnc2c1ncn2[C@@H]1O[C@H](COP(=O)([O-])OP(=O)([O-])OP(=O)([O-])[O-])[C@@H](O)[C@H]1O,N[C@H](CO)CCO.Nc1ncnc2c1ncn2C1OC(COP(=O)(O)OP(=O)(O)OP(=O)(O)O)C(O)C1O,0.0300111098694243,2.0
b0003,HSK,MVKVYAPASSANMSVGFDVLGAAVTPVDGALLGDVVTVEAAETFSLNNLGRFADKLPSEPRENIVYQCWERFCQELGKQIPVAMTLEKNMPIGSGLGSSACSVVAALMAMNEHCGKPLNDTRLLALMGELEGRISGSIHYDNVAPCFLGGMQLMIEENDIISQQVPGFDEWLWVLAYPGIKVSTAEARAILPAQYRRQDCIAHGRHLAGFIHACYSRQPELAAKLMKDVIAEPYRERLLPGFRQARQAVAEIGAVASGISGSGPTLFALCDKPETAQRVADWLGKNYLQNQEGFVHICRLDTAGARVLEN,Nc1ncnc2c1ncn2[C@@H]1O[C@H](COP(=O)([O-])OP(=O)([O-])OP(=O)([O-])[O-])[C@@H](O)[C@H]1O,CCOC(=O)[C@@H](N)CCO.Nc1ncnc2c1ncn2C1OC(COP(=O)(O)OP(=O)(O)OP(=O)(O)O)C(O)C1O,24.413342554103764,13.6
b0003,HSK,MVKVYAPASSANMSVGFDVLGAAVTPVDGALLGDVVTVEAAETFSLNNLGRFADKLPSEPRENIVYQCWERFCQELGKQIPVAMTLEKNMPIGSGLGSSACSVVAALMAMNEHCGKPLNDTRLLALMGELEGRISGSIHYDNVAPCFLGGMQLMIEENDIISQQVPGFDEWLWVLAYPGIKVSTAEARAILPAQYRRQDCIAHGRHLAGFIHACYSRQPELAAKLMKDVIAEPYRERLLPGFRQARQAVAEIGAVASGISGSGPTLFALCDKPETAQRVADWLGKNYLQNQEGFVHICRLDTAGARVLEN,[NH3+][C@@H](CCO)C(=O)[O-],N[C@H](CO)CCO.Nc1ncnc2c1ncn2C1OC(COP(=O)(O)OP(=O)(O)OP(=O)(O)O)C(O)C1O,24.413342554103764,2.0
