ecomics_rxn_id,ecomics_rxn,gem_rxn_id,gem_rxn,note
R0007,3PG <-> PEP,ENO,,2 rxn multistep
R0007,3PG <-> PEP,PGM,,2 rxn multistep
R0018,CIT -> ICT,ACONTb,,2 rxn multistep
R0018,CIT -> ICT,ACONTa,,2 rxn multistep
R0020,2-KG -> SUC + CO2,AKGDH,,2 rxn multistep
R0020,2-KG -> SUC + CO2,SUCOAS,,2 rxn multistep
R0028,6-PG -> G3P + PYR,EDD,,2 rxn multistep
R0028,6-PG -> G3P + PYR,EDA,,2 rxn multistep
R0030,PYR -> Lactate,LDH_D,,2 rxn multistep
R0030,PYR -> Lactate,L_LACD2,,2 rxn multistep
R0031,AcCoA -> Ethanol,ALCD2x,,2 rxn multistep
R0031,AcCoA -> Ethanol,ACALD,,2 rxn multistep
R0032,G6P -> (Cell synthesis),,,implicit in biomass reaction
R0033,F6P -> (Cell synthesis),,,implicit in biomass reaction
R0034,R5P -> (Cell synthesis),,,implicit in biomass reaction
R0035,E4P -> (Cell synthesis),,,implicit in biomass reaction
R0036,G3P -> (Cell synthesis),,,implicit in biomass reaction
R0037,3PG -> (Cell synthesis),,,implicit in biomass reaction
R0038,PEP -> (Cell synthesis),,,implicit in biomass reaction
R0039,PYR -> (Cell synthesis),,,implicit in biomass reaction
R0040,AcCoA -> (Cell synthesis),,,implicit in biomass reaction
R0041,OAA -> (Cell synthesis),,,implicit in biomass reaction
R0042,2KG -> (Cell synthesis),,,implicit in biomass reaction
R0043,CO2 -> (Evolution),EX_co2_e,,1 rxn direct
R0044,Exch. (G6P <-> F6P),PGI,,1 rxn direct
R0045,Exch. (3PG <-> PEP),PGM,,2 rxn multistep
R0045,Exch. (3PG <-> PEP),ENO,,2 rxn multistep
R0046,Exch. (R5P + X5P <-> S7P + G3P),TKT1,,1 rxn direct
R0047,Exch. (S7P + G3P <-> E4P + F6P),TALA,,1 rxn direct
R0048,Exch. (X5P + E4P <-> F6P + G3P),TKT2,,1 rxn direct
R0049,Exch. (MAL <-> OAA),MDH,,1 rxn direct
R0050,Exch. (PEP + CO2 <-> OAA),PPC,,2 rxn multistep
R0050,Exch. (PEP + CO2 <-> OAA),PPCK,,2 rxn multistep
R0051,Glucose consumption rate,,,rate measurement
R0052,Oxygen uptake rate (OUR),,,rate measurement
R0053,Carbon dioxide evolution rate (CER),,,rate measurement
R0054,NADPH -> NADH,NADTRHD,,1 rxn direct
R0055,O2+ 2 NADH -> ATP,,,simplified representation of oxidative phosphorylation
R0056,OGA -> MAL + CO2 + 1.5ATP + 2 NADH,,,unidentified
R0057,PYR => ACA + FOR,,,unidentified
R0059,Exch. (F16P <=> DHAP + G3P),FBA,,1 rxn direct
R0060,Exch. DHAP <=> G3P,TPI,,1 rxn direct
R0061,Exch. Ru5P <=> X5P,RPE,,1 rxn direct
R0062,Exch. Ru5P <=> R5P,RPI,,1 rxn direct
R0063,Exch. FUM <=> MAL,FUM,,1 rxn direct
R0064,F6P <=> E4P + E-C2 (net);F6P <=> E4P + E-C2 (exch),TKT2,,1 rxn direct (repeated and ambiguous TKT2)
R0065,S7P <=> R5P + E-C2 (net),TKT1,,1 rxn direct (repeated and ambiguous TKT1)
R0066,F6P <=> GAP + E-C3 (net);F6P <=> GAP + E-C3 (exch),TALA,,1 rxn direct (repeated and ambiguous TALA)
R0067,S7P <=> E4P + E-C3 (net),TALA,,1 rxn direct (repeated and ambiguous TALA)
R0068,6PG -> KDPG,EDD,,1 rxn direct (repeated EDD)
R0069,KDPG -> GAP + Pyr,EDA,,1 rxn direct (repeated EDA)
R0070,OAC + ATP -> PEP + CO2 + ADP,PPCK,,1 rxn direct
R0071,AcCoA + ADP + Pi <=> Ac + ATP (net);AcCoA + ADP + Pi <=> Ac + ATP (exch),PTAr,,2 rxn multistep
R0071,AcCoA + ADP + Pi <=> Ac + ATP (net);AcCoA + ADP + Pi <=> Ac + ATP (exch),ACKr,,2 rxn multistep
R0072,AKG + NADPH + NH3 -> Glu + NADP,GLUDy,,1 rxn direct
R0073,Glu + ATP + NH3 -> Gln + ADP + Pi,GLNS,,1 rxn direct
R0074,Glu + 2 NADPH + ATP -> Pro + 2 NADP + ADP + Pi,GLU5K,,4 rxn multistep
R0074,Glu + 2 NADPH + ATP -> Pro + 2 NADP + ADP + Pi,G5SD,,4 rxn multistep
R0074,Glu + 2 NADPH + ATP -> Pro + 2 NADP + ADP + Pi,G5SADs,,4 rxn multistep
R0074,Glu + 2 NADPH + ATP -> Pro + 2 NADP + ADP + Pi,P5CR,,4 rxn multistep
R0075,Glu + CO2 + Gln + NADPH + Asp + AcCoA + 5 ATP -> Arg + AKG + NADP + Fum + A,ARGSS,,2 rxn multistep
R0075,Glu + CO2 + Gln + NADPH + Asp + AcCoA + 5 ATP -> Arg + AKG + NADP + Fum + A,ARGSL,,2 rxn multistep
R0076,OAC + Glu -> Asp + AKG,ASPTA,,1 rxn direct
R0077,Asp + NH3 + 2 ATP -> Asn + 2 ADP + 2 Pi,ASNS2,,1 rxn direct
R0078,Pyr + Glu -> Ala + AKG,ALATA_L,,1 rxn direct
R0079,3PG + Glu + NAD -> Ser + NADH + AKG + Pi,PGCD,,3 rxn multistep
R0079,3PG + Glu + NAD -> Ser + NADH + AKG + Pi,PSERT,,3 rxn multistep
R0079,3PG + Glu + NAD -> Ser + NADH + AKG + Pi,PSP_L,,3 rxn multistep
R0082,Thr + NAD -> Gly + AcCoA + NADH,THRD,,1 rxn direct (ambiguous)
R0083,Ser + AcCoA + SO4 + 3 ATP + 4 NADPH -> Cys + Ac + 4 NADP + 3 ADP + 3 Pi,SERAT,,6 rxn multistep
R0083,Ser + AcCoA + SO4 + 3 ATP + 4 NADPH -> Cys + Ac + 4 NADP + 3 ADP + 3 Pi,CYSS,,6 rxn multistep
R0083,Ser + AcCoA + SO4 + 3 ATP + 4 NADPH -> Cys + Ac + 4 NADP + 3 ADP + 3 Pi,SADT2,,6 rxn multistep
R0083,Ser + AcCoA + SO4 + 3 ATP + 4 NADPH -> Cys + Ac + 4 NADP + 3 ADP + 3 Pi,ADSK,,6 rxn multistep
R0083,Ser + AcCoA + SO4 + 3 ATP + 4 NADPH -> Cys + Ac + 4 NADP + 3 ADP + 3 Pi,PAPSR,,6 rxn multistep
R0083,Ser + AcCoA + SO4 + 3 ATP + 4 NADPH -> Cys + Ac + 4 NADP + 3 ADP + 3 Pi,SULR,,6 rxn multistep
R0084,Asp + Pyr + Glu + 2 NADPH + ATP + SucCoA -> LL-DAP + AKG + 2 NADP + ADP + P,DHDPS,,5 rxn multistep
R0084,Asp + Pyr + Glu + 2 NADPH + ATP + SucCoA -> LL-DAP + AKG + 2 NADP + ADP + P,DAPDC,,5 rxn multistep
R0084,Asp + Pyr + Glu + 2 NADPH + ATP + SucCoA -> LL-DAP + AKG + 2 NADP + ADP + P,DHDPRy,,5 rxn multistep
R0084,Asp + Pyr + Glu + 2 NADPH + ATP + SucCoA -> LL-DAP + AKG + 2 NADP + ADP + P,THDPS,,5 rxn multistep
R0084,Asp + Pyr + Glu + 2 NADPH + ATP + SucCoA -> LL-DAP + AKG + 2 NADP + ADP + P,SDPTA,,5 rxn multistep
R0085,LL-DAP -> Lys + CO2,DAPE,,2 rxn multistep
R0085,LL-DAP -> Lys + CO2,DAPDC,,2 rxn multistep
R0086,Asp + 2 NADPH + 2 ATP -> Thr + 2 NADP + 2 ADP + 2 Pi,ASPK,,5 rxn multistep
R0086,Asp + 2 NADPH + 2 ATP -> Thr + 2 NADP + 2 ADP + 2 Pi,ASAD,,5 rxn multistep
R0086,Asp + 2 NADPH + 2 ATP -> Thr + 2 NADP + 2 ADP + 2 Pi,HSDy,,5 rxn multistep
R0086,Asp + 2 NADPH + 2 ATP -> Thr + 2 NADP + 2 ADP + 2 Pi,HSK,,5 rxn multistep
R0086,Asp + 2 NADPH + 2 ATP -> Thr + 2 NADP + 2 ADP + 2 Pi,THRS,,5 rxn multistep
R0087,Asp + METHF + Cys + 2 NADPH + ATP + SucCoA -> Met + Pyr + 2 NADP + ADP + Pi,HSST,,4 rxn multistep
R0087,Asp + METHF + Cys + 2 NADPH + ATP + SucCoA -> Met + Pyr + 2 NADP + ADP + Pi,SHSL1,,4 rxn multistep
R0087,Asp + METHF + Cys + 2 NADPH + ATP + SucCoA -> Met + Pyr + 2 NADP + ADP + Pi,CYSTL,,4 rxn multistep
R0087,Asp + METHF + Cys + 2 NADPH + ATP + SucCoA -> Met + Pyr + 2 NADP + ADP + Pi,METS,,4 rxn multistep
R0088,2 Pyr + NADPH + Glu -> Val + CO2 + NADP + AKG,ACLS,,4 rxn multistep
R0088,2 Pyr + NADPH + Glu -> Val + CO2 + NADP + AKG,KARA1,,4 rxn multistep
R0088,2 Pyr + NADPH + Glu -> Val + CO2 + NADP + AKG,DHAD1,,4 rxn multistep
R0088,2 Pyr + NADPH + Glu -> Val + CO2 + NADP + AKG,VALTA,,4 rxn multistep
R0089,2 Pyr + AcCoA + Glu + NADPH + NAD -> Leu + 2 CO2 + AKG + NADP + NADH,IPPS,,6 rxn multistep
R0089,2 Pyr + AcCoA + Glu + NADPH + NAD -> Leu + 2 CO2 + AKG + NADP + NADH,IPPMIa,,6 rxn multistep
R0089,2 Pyr + AcCoA + Glu + NADPH + NAD -> Leu + 2 CO2 + AKG + NADP + NADH,IPPMIb,,6 rxn multistep
R0089,2 Pyr + AcCoA + Glu + NADPH + NAD -> Leu + 2 CO2 + AKG + NADP + NADH,IPMD,,6 rxn multistep
R0089,2 Pyr + AcCoA + Glu + NADPH + NAD -> Leu + 2 CO2 + AKG + NADP + NADH,OMCDC,,6 rxn multistep
R0089,2 Pyr + AcCoA + Glu + NADPH + NAD -> Leu + 2 CO2 + AKG + NADP + NADH,LEUTAi,,6 rxn multistep
R0090,Thr + Pyr + Glu + NADPH -> Ile + CO2 + AKG + NADP + NH3,THRD,,5 rxn multistep
R0090,Thr + Pyr + Glu + NADPH -> Ile + CO2 + AKG + NADP + NH3,ACHBS,,5 rxn multistep
R0090,Thr + Pyr + Glu + NADPH -> Ile + CO2 + AKG + NADP + NH3,KARA2,,5 rxn multistep
R0090,Thr + Pyr + Glu + NADPH -> Ile + CO2 + AKG + NADP + NH3,DHAD2,,5 rxn multistep
R0090,Thr + Pyr + Glu + NADPH -> Ile + CO2 + AKG + NADP + NH3,ILETA,,5 rxn multistep
R0091,E4P + 2 PEP + Glu + NADPH + ATP -> Phe + CO2 + AKG + NADP + ADP + 4 Pi,DDPA,,11 rxn multistep
R0091,E4P + 2 PEP + Glu + NADPH + ATP -> Phe + CO2 + AKG + NADP + ADP + 4 Pi,DHQS,,11 rxn multistep
R0091,E4P + 2 PEP + Glu + NADPH + ATP -> Phe + CO2 + AKG + NADP + ADP + 4 Pi,DHQTi,,11 rxn multistep
R0091,E4P + 2 PEP + Glu + NADPH + ATP -> Phe + CO2 + AKG + NADP + ADP + 4 Pi,SHK3Dr,,11 rxn multistep
R0091,E4P + 2 PEP + Glu + NADPH + ATP -> Phe + CO2 + AKG + NADP + ADP + 4 Pi,SHKK,,11 rxn multistep
R0091,E4P + 2 PEP + Glu + NADPH + ATP -> Phe + CO2 + AKG + NADP + ADP + 4 Pi,PSCVT,,11 rxn multistep
R0091,E4P + 2 PEP + Glu + NADPH + ATP -> Phe + CO2 + AKG + NADP + ADP + 4 Pi,CHORS,,11 rxn multistep
R0091,E4P + 2 PEP + Glu + NADPH + ATP -> Phe + CO2 + AKG + NADP + ADP + 4 Pi,CHORM,,11 rxn multistep
R0091,E4P + 2 PEP + Glu + NADPH + ATP -> Phe + CO2 + AKG + NADP + ADP + 4 Pi,CHRPL,,11 rxn multistep
R0091,E4P + 2 PEP + Glu + NADPH + ATP -> Phe + CO2 + AKG + NADP + ADP + 4 Pi,PPNDH,,11 rxn multistep
R0091,E4P + 2 PEP + Glu + NADPH + ATP -> Phe + CO2 + AKG + NADP + ADP + 4 Pi,PHETA1,,11 rxn multistep
R0092,E4P + 2 PEP + Glu + NADPH + NAD + ATP -> Tyr + CO2 + AKG + NADP + NADH + AD,DDPA,,9 rxn multistep
R0092,E4P + 2 PEP + Glu + NADPH + NAD + ATP -> Tyr + CO2 + AKG + NADP + NADH + AD,DHQS,,9 rxn multistep
R0092,E4P + 2 PEP + Glu + NADPH + NAD + ATP -> Tyr + CO2 + AKG + NADP + NADH + AD,DHQTi,,9 rxn multistep
R0092,E4P + 2 PEP + Glu + NADPH + NAD + ATP -> Tyr + CO2 + AKG + NADP + NADH + AD,SHK3Dr,,9 rxn multistep
R0092,E4P + 2 PEP + Glu + NADPH + NAD + ATP -> Tyr + CO2 + AKG + NADP + NADH + AD,SHKK,,9 rxn multistep
R0092,E4P + 2 PEP + Glu + NADPH + NAD + ATP -> Tyr + CO2 + AKG + NADP + NADH + AD,PSCVT,,9 rxn multistep
R0092,E4P + 2 PEP + Glu + NADPH + NAD + ATP -> Tyr + CO2 + AKG + NADP + NADH + AD,CHORS,,9 rxn multistep
R0092,E4P + 2 PEP + Glu + NADPH + NAD + ATP -> Tyr + CO2 + AKG + NADP + NADH + AD,PPND,,9 rxn multistep
R0092,E4P + 2 PEP + Glu + NADPH + NAD + ATP -> Tyr + CO2 + AKG + NADP + NADH + AD,TYRTA,,9 rxn multistep
R0093,E4P + 2 PEP + R5P + Ser + Gln + NADPH + 3 ATP -> Trp + CO2 + Pyr + GAP + Gl,ANS,,7 rxn multistep
R0093,E4P + 2 PEP + R5P + Ser + Gln + NADPH + 3 ATP -> Trp + CO2 + Pyr + GAP + Gl,ANPRT,,7 rxn multistep
R0093,E4P + 2 PEP + R5P + Ser + Gln + NADPH + 3 ATP -> Trp + CO2 + Pyr + GAP + Gl,PRAIi,,7 rxn multistep
R0093,E4P + 2 PEP + R5P + Ser + Gln + NADPH + 3 ATP -> Trp + CO2 + Pyr + GAP + Gl,IGPS,,7 rxn multistep
R0093,E4P + 2 PEP + R5P + Ser + Gln + NADPH + 3 ATP -> Trp + CO2 + Pyr + GAP + Gl,TRPS1,,7 rxn multistep
R0093,E4P + 2 PEP + R5P + Ser + Gln + NADPH + 3 ATP -> Trp + CO2 + Pyr + GAP + Gl,TRPS2,,7 rxn multistep
R0093,E4P + 2 PEP + R5P + Ser + Gln + NADPH + 3 ATP -> Trp + CO2 + Pyr + GAP + Gl,TRPS3,,7 rxn multistep
R0094,R5P + FTHF + Gln + Asp + 5 ATP + 2 NAD -> His + 2 NADH + AKG + Fum + 5 ADP,ATPPRT,,7 rxn multistep
R0094,R5P + FTHF + Gln + Asp + 5 ATP + 2 NAD -> His + 2 NADH + AKG + Fum + 5 ADP,PRAMPC,,7 rxn multistep
R0094,R5P + FTHF + Gln + Asp + 5 ATP + 2 NAD -> His + 2 NADH + AKG + Fum + 5 ADP,PRMICI,,7 rxn multistep
R0094,R5P + FTHF + Gln + Asp + 5 ATP + 2 NAD -> His + 2 NADH + AKG + Fum + 5 ADP,IGPDH,,7 rxn multistep
R0094,R5P + FTHF + Gln + Asp + 5 ATP + 2 NAD -> His + 2 NADH + AKG + Fum + 5 ADP,HSTPT,,7 rxn multistep
R0094,R5P + FTHF + Gln + Asp + 5 ATP + 2 NAD -> His + 2 NADH + AKG + Fum + 5 ADP,HISTP,,7 rxn multistep
R0094,R5P + FTHF + Gln + Asp + 5 ATP + 2 NAD -> His + 2 NADH + AKG + Fum + 5 ADP,HISTD,,7 rxn multistep
R0095,MEETHF + NADH -> METHF + NAD,MTHFR2,,2 rxn multistep
R0095,MEETHF + NADH -> METHF + NAD,MTHFC,,2 rxn multistep
R0096,MEETHF + NADP -> FTHF + NADPH,MTHFD,,2 rxn multistep (ambiguous)
R0096,MEETHF + NADP -> FTHF + NADPH,FTHFLi,,2 rxn multistep (ambiguous)
R0097,NADH + 0.5 O2 + 2 ADP + 2 Pi -> 2 ATP + NAD,NADH5,,3 rxn multistep
R0097,NADH + 0.5 O2 + 2 ADP + 2 Pi -> 2 ATP + NAD,CYTBO3_4pp,,3 rxn multistep
R0097,NADH + 0.5 O2 + 2 ADP + 2 Pi -> 2 ATP + NAD,ATPS4rpp,,3 rxn multistep
R0098,FADH2 + 0.5 O2 + ADP + Pi -> ATP + FAD,SUCDi,,4 rxn multistep
R0098,FADH2 + 0.5 O2 + ADP + Pi -> ATP + FAD,NADH5,,4 rxn multistep
R0098,FADH2 + 0.5 O2 + ADP + Pi -> ATP + FAD,CYTBO3_4pp,,4 rxn multistep
R0098,FADH2 + 0.5 O2 + ADP + Pi -> ATP + FAD,ATPS4rpp,,4 rxn multistep
R0099,NADH + NADP <=> NADPH + NAD (net),NADTRHD,,1 rxn direct
R0100,ATP -> ATP.Ext,,,implicit in biomass reaction
R0101,Ac -> Ac.Ext,EX_ac_e,,3 rxn exchange and transport
R0101,Ac -> Ac.Ext,EX_ac_e,,3 rxn exchange and transport
R0101,Ac -> Ac.Ext,EX_ac_e,,3 rxn exchange and transport
R0102,CO2 -> CO2.Ext,EX_co2_e,,2 rxn exchange and transport
R0102,CO2 -> CO2.Ext,EX_co2_e,,2 rxn exchange and transport
R0103,O2.Ext -> O2,EX_o2_e,,2 rxn exchange and transport
R0103,O2.Ext -> O2,EX_o2_e,,2 rxn exchange and transport
R0104,NH3.Ext -> NH3,EX_nh4_e,,2 rxn exchange and transport
R0104,NH3.Ext -> NH3,NH4tpp,,2 rxn exchange and transport
R0105,SO4.Ext -> SO4,EX_so4_e,,3 rxn exchange and transport
R0105,SO4.Ext -> SO4,SULabcpp,,3 rxn exchange and transport
R0105,SO4.Ext -> SO4,SO4t2pp,,3 rxn exchange and transport
R0106,0.488 Ala + 0.281 Arg + 0.229 Asn + 0.229 Asp + 0.087 Cys + 0.25 Glu + 0.25,BIOMASS_Ec_iML1515_core_75p37M,,biomass
R0106,0.488 Ala + 0.281 Arg + 0.229 Asn + 0.229 Asp + 0.087 Cys + 0.25 Glu + 0.25,BIOMASS_Ec_iML1515_WT_75p37M,,biomass
R0107,CO2.unlabeled + CO2 -> CO2 + CO2.out,,,unidentified
R0108,GAP + NAD + ADP + Pi <=> 3PG + ATP + NADH (exch),GAPD,,2 rxn multistep
R0108,GAP + NAD + ADP + Pi <=> 3PG + ATP + NADH (exch),PGK,,2 rxn multistep
R0110,S7P <=> R5P + E-C2 (exch),TKT1,,1 rxn direct
R0112,Cit <=> ICit (exch),ACONTa,,2 rxn multistep
R0112,Cit <=> ICit (exch),ACONTb,,2 rxn multistep
R0113,ICit + NADP <=> AKG + CO2 + NADPH (exch),ICDHyr,,1 rxn direct
R0114,SucCoA + ADP + Pi <=> Suc + ATP (exch),SUCCOAS,,1 rxn direct
R0115,Suc + FAD <=> Fum + FADH2 (exch),SUCDi,,1 rxn direct
R0116,ICit <=> Glyox + Suc (exch),ICL,,1 rxn direct
R0118,Ser + THF <=> Gly + MEETHF (exch);Ser + THF <=> Gly + MEETHF (net),GHMT2r,,1 rxn direct
R0119,Gly + THF + NAD <=> CO2 + MEETHF + NH3 + NADH (exch);Gly + THF + NAD <=> CO2 + MEETHF + NH3 + NADH (net),GLYCL,,1 rxn direct
R0120,F6P + ATP -> 2 T3P,PFK,,2 rxn multistep (ambiguous)
R0120,F6P + ATP -> 2 T3P,FBA,,2 rxn multistep (ambiguous)
