ecomics_rxn_id,ecomics_rxn,bigg_id
R0001,Glucose + PEP -> G6P + PYR,GLCptspp
R0002,G6P <-> F6P,PGI
R0003,"F6P -> F1,6P",PFK
R0004,"F1,6P -> DHAP + G3P",FBA
R0005,DHAP -> G3P,TPI
R0006,G3P -> 3PG,GAPD
R0007,3PG <-> PEP,na
R0008,PEP -> PYR,PYK
R0009,PYR -> AcCoA + CO2,PDHm
R0010,G6P -> 6PG,G6PDH2r
R0011,6PG -> Ru5P + CO2,GND
R0012,Ru5P -> X5P,RBP4E
R0013,Ru5P -> R5P,RPI
R0014,R5P + X5P <-> S7P + G3P,TKT1
R0015,S7P + G3P <-> E4P + F6P,TALA
R0016,X5P + E4P <-> F6P + G3P,TKT2
R0017,AcCoA + OAA -> CIT,CS
R0018,CIT -> ICT,na
R0019,ICT -> 2-KG + CO2,ICDHyr
R0020,2-KG -> SUC + CO2,na
R0021,SUC -> FUM,SUCDi
R0022,FUM -> MAL,FUM
R0023,MAL <-> OAA,MDH
R0024,PEP + CO2 <-> OAA,PPC
R0025,MAL -> PYR + CO2,ME1
R0026,ICT -> Glyoxylate + SUC,ICL
R0027,Glyoxylate + AcCoA -> MAL,MALS
R0028,6-PG -> G3P + PYR,na
R0029,AcCoA -> Acetate,ACACCT
R0030,PYR -> Lactate,na
R0031,AcCoA -> Ethanol,na
R0032,G6P -> (Cell synthesis),na
R0033,F6P -> (Cell synthesis),na
R0034,R5P -> (Cell synthesis),na
R0035,E4P -> (Cell synthesis),na
R0036,G3P -> (Cell synthesis),na
R0037,3PG -> (Cell synthesis),na
R0038,PEP -> (Cell synthesis),na
R0039,PYR -> (Cell synthesis),na
R0040,AcCoA -> (Cell synthesis),na
R0041,OAA -> (Cell synthesis),na
R0042,2KG -> (Cell synthesis),na
R0043,CO2 -> (Evolution),na
R0044,Exch. (G6P <-> F6P),na
R0045,Exch. (3PG <-> PEP),na
R0046,Exch. (R5P + X5P <-> S7P + G3P),na
R0047,Exch. (S7P + G3P <-> E4P + F6P),na
R0048,Exch. (X5P + E4P <-> F6P + G3P),na
R0049,Exch. (MAL <-> OAA),na
R0050,Exch. (PEP + CO2 <-> OAA),na
R0051,Glucose consumption rate,na
R0052,Oxygen uptake rate (OUR),na
R0053,Carbon dioxide evolution rate (CER),na
R0054,NADPH -> NADH,na
R0055,O2+ 2 NADH -> ATP,na
R0056,OGA -> MAL + CO2 + 1.5ATP + 2 NADH,na
R0057,PYR => ACA + FOR,na
R0058,SUC =>,EX_succ(e)
R0059,Exch. (F16P <=> DHAP + G3P),na
R0060,Exch. DHAP <=> G3P,na
R0061,Exch. Ru5P <=> X5P,na
R0062,Exch. Ru5P <=> R5P,na
R0063,Exch. FUM <=> MAL,na
R0064,F6P <=> E4P + E-C2 (net);F6P <=> E4P + E-C2 (exch),na
R0065,S7P <=> R5P + E-C2 (net),na
R0066,F6P <=> GAP + E-C3 (net);F6P <=> GAP + E-C3 (exch),na
R0067,S7P <=> E4P + E-C3 (net),na
R0068,6PG -> KDPG,na
R0069,KDPG -> GAP + Pyr,na
R0070,OAC + ATP -> PEP + CO2 + ADP,na
R0071,AcCoA + ADP + Pi <=> Ac + ATP (net);AcCoA + ADP + Pi <=> Ac + ATP (exch),na
R0072,AKG + NADPH + NH3 -> Glu + NADP,na
R0073,Glu + ATP + NH3 -> Gln + ADP + Pi,na
R0074,Glu + 2 NADPH + ATP -> Pro + 2 NADP + ADP + Pi,na
R0075,Glu + CO2 + Gln + NADPH + Asp + AcCoA + 5 ATP -> Arg + AKG + NADP + Fum + A,na
R0076,OAC + Glu -> Asp + AKG,na
R0077,Asp + NH3 + 2 ATP -> Asn + 2 ADP + 2 Pi,na
R0078,Pyr + Glu -> Ala + AKG,na
R0079,3PG + Glu + NAD -> Ser + NADH + AKG + Pi,na
R0082,Thr + NAD -> Gly + AcCoA + NADH,na
R0083,Ser + AcCoA + SO4 + 3 ATP + 4 NADPH -> Cys + Ac + 4 NADP + 3 ADP + 3 Pi,na
R0084,Asp + Pyr + Glu + 2 NADPH + ATP + SucCoA -> LL-DAP + AKG + 2 NADP + ADP + P,na
R0085,LL-DAP -> Lys + CO2,na
R0086,Asp + 2 NADPH + 2 ATP -> Thr + 2 NADP + 2 ADP + 2 Pi,na
R0087,Asp + METHF + Cys + 2 NADPH + ATP + SucCoA -> Met + Pyr + 2 NADP + ADP + Pi,na
R0088,2 Pyr + NADPH + Glu -> Val + CO2 + NADP + AKG,na
R0089,2 Pyr + AcCoA + Glu + NADPH + NAD -> Leu + 2 CO2 + AKG + NADP + NADH,na
R0090,Thr + Pyr + Glu + NADPH -> Ile + CO2 + AKG + NADP + NH3,na
R0091,E4P + 2 PEP + Glu + NADPH + ATP -> Phe + CO2 + AKG + NADP + ADP + 4 Pi,na
R0092,E4P + 2 PEP + Glu + NADPH + NAD + ATP -> Tyr + CO2 + AKG + NADP + NADH + AD,na
R0093,E4P + 2 PEP + R5P + Ser + Gln + NADPH + 3 ATP -> Trp + CO2 + Pyr + GAP + Gl,na
R0094,R5P + FTHF + Gln + Asp + 5 ATP + 2 NAD -> His + 2 NADH + AKG + Fum + 5 ADP,na
R0095,MEETHF + NADH -> METHF + NAD,na
R0096,MEETHF + NADP -> FTHF + NADPH,na
R0097,NADH + 0.5 O2 + 2 ADP + 2 Pi -> 2 ATP + NAD,na
R0098,FADH2 + 0.5 O2 + ADP + Pi -> ATP + FAD,na
R0099,NADH + NADP <=> NADPH + NAD (net),na
R0100,ATP -> ATP.Ext,na
R0101,Ac -> Ac.Ext,na
R0102,CO2 -> CO2.Ext,na
R0103,O2.Ext -> O2,na
R0104,NH3.Ext -> NH3,na
R0105,SO4.Ext -> SO4,na
R0106,0.488 Ala + 0.281 Arg + 0.229 Asn + 0.229 Asp + 0.087 Cys + 0.25 Glu + 0.25,na
R0107,CO2.unlabeled + CO2 -> CO2 + CO2.out,na
R0108,GAP + NAD + ADP + Pi <=> 3PG + ATP + NADH (exch),na
R0110,S7P <=> R5P + E-C2 (exch),na
R0112,Cit <=> ICit (exch),na
R0113,ICit + NADP <=> AKG + CO2 + NADPH (exch),na
R0114,SucCoA + ADP + Pi <=> Suc + ATP (exch),na
R0115,Suc + FAD <=> Fum + FADH2 (exch),na
R0116,ICit <=> Glyox + Suc (exch),na
R0118,Ser + THF <=> Gly + MEETHF (exch);Ser + THF <=> Gly + MEETHF (net),na
R0119,Gly + THF + NAD <=> CO2 + MEETHF + NH3 + NADH (exch);Gly + THF + NAD <=> CO2 + MEETHF + NH3 + NADH (net),na
R0120,F6P + ATP -> 2 T3P,na
